Samsung Galaxy,15,1250.78,2023-08-22,Chroma
Amazon Echo,7,590.32,2023-04-17,RelianceDigital
Dell Laptop,12,1500.65,2023-10-01,EMart
Fitbit,8,450.23,2023-12-05,Chroma
Macbook Pro,5,1800.94,2023-07-11,RelianceDigital
Sony TV,18,1050.12,2023-09-28,EMart
Xbox,10,770.88,2023-05-09,Chroma
PlayStation,9,890.75,2023-11-14,EMart
Samsung Galaxy,6,980.46,2023-06-07,RelianceDigital
Fitbit,13,720.15,2023-12-31,Chroma
Amazon Echo,11,620.55,2023-01-18,EMart
Macbook Pro,14,1700.23,2023-03-02,RelianceDigital
Sony TV,9,920.67,2023-02-09,Chroma
PlayStation,8,850.32,2023-06-14,EMart
Dell Laptop,7,1600.75,2023-07-22,RelianceDigital
Xbox,16,1020.48,2023-04-30,Chroma
Fitbit,12,780.93,2023-09-05,EMart
Samsung Galaxy,10,1100.26,2023-05-12,RelianceDigital
Sony TV,15,960.77,2023-08-18,Chroma
PlayStation,7,720.89,2023-11-25,EMart
Amazon Echo,8,750.35,2023-10-07,RelianceDigital
Macbook Pro,11,1850.12,2023-12-30,Chroma
Xbox,9,850.45,2023-01-22,EMart
Samsung Galaxy,14,1200.67,2023-02-28,RelianceDigital
Dell Laptop,6,1500.88,2023-03-15,Chroma
Fitbit,13,890.22,2023-04-20,EMart
Amazon Echo,12,660.75,2023-05-30,RelianceDigital
Sony TV,17,970.34,2023-06-10,Chroma
PlayStation,8,800.49,2023-07-18,EMart
Xbox,10,920.88,2023-08-25,RelianceDigital
Macbook Pro,10,1750.26,2023-09-30,Chroma
Samsung Galaxy,15,1100.64,2023-10-10,EMart
Dell Laptop,7,1600.77,2023-11-15,RelianceDigital
Amazon Echo,9,680.39,2023-12-22,Chroma
Fitbit,14,850.55,2023-01-28,EMart
Sony TV,8,990.75,2023-02-12,RelianceDigital
PlayStation,9,850.25,2023-03-20,Chroma
Xbox,12,970.12,2023-04-28,EMart
Samsung Galaxy,10,1180.78,2023-05-06,RelianceDigital
Dell Laptop,6,1400.99,2023-06-12,Chroma
Amazon Echo,11,700.45,2023-07-18,EMart
Macbook Pro,13,1950.37,2023-08-25,RelianceDigital
Sony TV,9,1050.88,2023-09-30,Chroma
PlayStation,16,820.64,2023-10-05,EMart
Xbox,7,930.88,2023-11-10,RelianceDigital
Samsung Galaxy,14,1220.99,2023-12-15,Chroma
Dell Laptop,10,1650.75,2023-01-20,EMart
Fitbit,8,910.45,2023-02-25,RelianceDigital
Amazon Echo,12,720.55,2023-03-30,Chroma
Sony TV,9,980.77,2023-04-05,EMart
PlayStation,10,870.22,2023-05-10,RelianceDigital
Xbox,7,890.36,2023-06-15,Chroma
Samsung Galaxy,13,1250.49,2023-07-20,EMart
Dell Laptop,11,1680.68,2023-08-25,RelianceDigital
Macbook Pro,9,1800.99,2023-09-30,Chroma
Sony TV,15,1010.75,2023-10-05,EMart
PlayStation,6,810.88,2023-11-10,RelianceDigital
Fitbit,12,940.45,2023-12-15,Chroma
Macbook Pro,11,1750.49,2023-01-18,EMart
Sony TV,14,1010.21,2023-02-22,RelianceDigital
PlayStation,8,810.35,2023-03-25,Chroma
Xbox,9,930.78,2023-04-30,EMart
Samsung Galaxy,12,1170.92,2023-06-05,RelianceDigital
Dell Laptop,7,1400.55,2023-07-10,Chroma
Amazon Echo,13,720.88,2023-08-15,EMart
Macbook Pro,10,1900.33,2023-09-20,RelianceDigital
Sony TV,8,1040.45,2023-10-25,Chroma
PlayStation,15,820.76,2023-11-30,EMart
Xbox,7,950.99,2023-12-31,RelianceDigital
Samsung Galaxy,14,1220.17,2023-01-15,Chroma
Dell Laptop,9,1650.88,2023-02-20,EMart
Fitbit,8,920.45,2023-03-25,RelianceDigital
Amazon Echo,12,710.55,2023-04-30,Chroma
Sony TV,10,990.77,2023-06-05,EMart
PlayStation,9,860.22,2023-07-10,RelianceDigital
Xbox,7,870.36,2023-08-15,Chroma
Samsung Galaxy,13,1240.49,2023-09-20,EMart
Dell Laptop,11,1680.68,2023-10-25,RelianceDigital
Macbook Pro,9,1850.99,2023-11-30,Chroma
Sony TV,15,1050.75,2023-12-31,EMart
PlayStation,6,820.88,2023-01-15,RelianceDigital
Fitbit,12,940.45,2023-02-20,Chroma
Fitbit,7,530.42,2023-08-17,Chroma
PlayStation,9,860.75,2023-06-14,RelianceDigital
Xbox,11,790.64,2023-10-29,EMart
Macbook Pro,6,1900.29,2023-12-23,Chroma
Amazon Echo,8,640.51,2023-09-11,EMart
GoPro,12,980.36,2023-11-25,Chroma
Samsung Galaxy,14,1210.77,2023-07-31,RelianceDigital
Macbook Pro,10,1750.98,2023-05-18,EMart
Sony TV,9,990.22,2023-08-02,Chroma
Fitbit,13,720.95,2023-10-16,RelianceDigital
PlayStation,7,850.69,2023-12-30,Chroma
Xbox,11,970.84,2023-06-14,EMart
Amazon Echo,8,630.55,2023-09-28,RelianceDigital
Samsung Galaxy,12,1120.33,2023-11-11,Chroma
GoPro,10,850.44,2023-07-25,EMart
Dell Laptop,6,1500.76,2023-05-09,RelianceDigital
Macbook Pro,9,1850.89,2023-08-23,Chroma
