Samsung Galaxy,15,1250.78,2023-08-22,Chroma,BANGLORE
Amazon Echo,7,590.32,2023-04-17,RelianceDigital,AHEMADABAD
Dell Laptop,12,1500.65,2023-10-01,EMart,SURAT
Fitbit,8,450.23,2023-12-05,Chroma,BANGLORE
Macbook Pro,5,1800.94,2023-07-11,RelianceDigital,CHENNAI
Sony TV,18,1050.12,2023-09-28,EMart,AHEMADABAD
Xbox,10,770.88,2023-05-09,Chroma,SURAT
PlayStation,9,890.75,2023-11-14,EMart,BANGLORE
Samsung Galaxy,6,980.46,2023-06-07,RelianceDigital,CHENNAI
Fitbit,13,720.15,2023-12-31,Chroma,AHEMADABAD
Amazon Echo,11,620.55,2023-01-18,EMart,BANGLORE
Macbook Pro,14,1700.23,2023-03-02,RelianceDigital,AHEMADABAD
Sony TV,9,920.67,2023-02-09,Chroma,CHENNAI
PlayStation,8,850.32,2023-06-14,EMart,SURAT
Dell Laptop,7,1600.75,2023-07-22,RelianceDigital,BANGLORE
Xbox,16,1020.48,2023-04-30,Chroma,AHEMADABAD
Fitbit,12,780.93,2023-09-05,EMart,CHENNAI
Samsung Galaxy,10,1100.26,2023-05-12,RelianceDigital,SURAT
Sony TV,15,960.77,2023-08-18,Chroma,BANGLORE
PlayStation,7,720.89,2023-11-25,EMart,AHEMADABAD
Amazon Echo,8,750.35,2023-10-07,RelianceDigital,CHENNAI
Macbook Pro,11,1850.12,2023-12-30,Chroma,SURAT
Xbox,9,850.45,2023-01-22,EMart,BANGLORE
Samsung Galaxy,14,1200.67,2023-02-28,RelianceDigital,AHEMADABAD
Dell Laptop,6,1500.88,2023-03-15,Chroma,CHENNAI
Fitbit,13,890.22,2023-04-20,EMart,SURAT
Amazon Echo,12,660.75,2023-05-30,RelianceDigital,BANGLORE
Sony TV,17,970.34,2023-06-10,Chroma,AHEMADABAD
PlayStation,8,800.49,2023-07-18,EMart,CHENNAI
Xbox,10,920.88,2023-08-25,RelianceDigital,SURAT
Macbook Pro,10,1750.26,2023-09-30,Chroma,BANGLORE
Samsung Galaxy,15,1100.64,2023-10-10,EMart,AHEMADABAD
Dell Laptop,7,1600.77,2023-11-15,RelianceDigital,CHENNAI
Amazon Echo,9,680.39,2023-12-22,Chroma,SURAT
Fitbit,14,850.55,2023-01-28,EMart,BANGLORE
Sony TV,8,990.75,2023-02-12,RelianceDigital,AHEMADABAD
PlayStation,9,850.25,2023-03-20,Chroma,CHENNAI
Xbox,12,970.12,2023-04-28,EMart,SURAT
Samsung Galaxy,10,1180.78,2023-05-06,RelianceDigital,BANGLORE
Dell Laptop,6,1400.99,2023-06-12,Chroma,AHEMADABAD
Amazon Echo,11,700.45,2023-07-18,EMart,CHENNAI
Macbook Pro,13,1950.37,2023-08-25,RelianceDigital,SURAT
Sony TV,9,1050.88,2023-09-30,Chroma,BANGLORE
PlayStation,16,820.64,2023-10-05,EMart,AHEMADABAD
Xbox,7,930.88,2023-11-10,RelianceDigital,CHENNAI
Samsung Galaxy,14,1220.99,2023-12-15,Chroma,SURAT
Dell Laptop,10,1650.75,2023-01-20,EMart,BANGLORE
Fitbit,8,910.45,2023-02-25,RelianceDigital,AHEMADABAD
Amazon Echo,12,720.55,2023-03-30,Chroma,CHENNAI
Sony TV,9,980.77,2023-04-05,EMart,SURAT
PlayStation,10,870.22,2023-05-10,RelianceDigital,BANGLORE
Xbox,7,890.36,2023-06-15,Chroma,AHEMADABAD
Samsung Galaxy,13,1250.49,2023-07-20,EMart,CHENNAI
Dell Laptop,11,1680.68,2023-08-25,RelianceDigital,SURAT
Macbook Pro,9,1800.99,2023-09-30,Chroma,BANGLORE
Sony TV,15,1010.75,2023-10-05,EMart,AHEMADABAD
PlayStation,6,810.88,2023-11-10,RelianceDigital,CHENNAI
Fitbit,12,940.45,2023-12-15,Chroma,SURAT
Macbook Pro,11,1750.49,2023-01-18,EMart,BANGLORE
Sony TV,14,1010.21,2023-02-22,RelianceDigital,AHEMADABAD
PlayStation,8,810.35,2023-03-25,Chroma,CHENNAI
Xbox,9,930.78,2023-04-30,EMart,SURAT
Samsung Galaxy,12,1170.92,2023-06-05,RelianceDigital,BANGLORE
Dell Laptop,7,1400.55,2023-07-10,Chroma,AHEMADABAD
Amazon Echo,13,720.88,2023-08-15,EMart,CHENNAI
Macbook Pro,10,1900.33,2023-09-20,RelianceDigital,SURAT
Sony TV,8,1040.45,2023-10-25,Chroma,BANGLORE
PlayStation,15,820.76,2023-11-30,EMart,AHEMADABAD
Xbox,7,950.99,2023-12-31,RelianceDigital,CHENNAI
Samsung Galaxy,14,1220.17,2023-01-15,Chroma,SURAT
Dell Laptop,9,1650.88,2023-02-20,EMart,BANGLORE
Fitbit,8,920.45,2023-03-25,RelianceDigital,AHEMADABAD
Amazon Echo,12,710.55,2023-04-30,Chroma,CHENNAI
Sony TV,10,990.77,2023-06-05,EMart,SURAT
PlayStation,9,860.22,2023-07-10,RelianceDigital,BANGLORE
Xbox,7,870.36,2023-08-15,Chroma,AHEMADABAD
Samsung Galaxy,13,1240.49,2023-09-20,EMart,CHENNAI
Dell Laptop,11,1680.68,2023-10-25,RelianceDigital,SURAT
Macbook Pro,9,1850.99,2023-11-30,Chroma,BANGLORE
Sony TV,15,1050.75,2023-12-31,EMart,AHEMADABAD
PlayStation,6,820.88,2023-01-15,RelianceDigital,CHENNAI
Fitbit,12,940.45,2023-02-20,Chroma,SURAT
Fitbit,7,530.42,2023-08-17,Chroma,BANGLORE
PlayStation,9,860.75,2023-06-14,RelianceDigital,AHEMADABAD
Xbox,11,790.64,2023-10-29,EMart,SURAT
Macbook Pro,6,1900.29,2023-12-23,Chroma,CHENNAI
Amazon Echo,8,640.51,2023-09-11,EMart,BANGLORE
GoPro,12,980.36,2023-11-25,Chroma,AHEMADABAD
Samsung Galaxy,14,1210.77,2023-07-31,RelianceDigital,SURAT
Macbook Pro,10,1750.98,2023-05-18,EMart,CHENNAI
Sony TV,9,990.22,2023-08-02,Chroma,BANGLORE
Fitbit,13,720.95,2023-10-16,RelianceDigital,AHEMADABAD
PlayStation,7,850.69,2023-12-30,Chroma,SURAT
Xbox,11,970.84,2023-06-14,EMart,CHENNAI
Amazon Echo,8,630.55,2023-09-28,RelianceDigital,BANGLORE
Samsung Galaxy,12,1120.33,2023-11-11,Chroma,AHEMADABAD
GoPro,10,850.44,2023-07-25,EMart,SURAT
Dell Laptop,6,1500.76,2023-05-09,RelianceDigital,CHENNAI
Macbook Pro,9,1850.89,2023-08-23,Chroma,BANGLORE
Amazon Echo,7,640.72,2023-10-07,EMart,AHEMADABAD
Sony TV,13,960.18,2023-12-21,Chroma,SURAT
Fitbit,8,770.95,2023-06-14,RelianceDigital,CHENNAI
PlayStation,11,860.69,2023-09-28,Chroma,BANGLORE
Xbox,9,920.84,2023-11-12,RelianceDigital,AHEMADABAD
Samsung Galaxy,14,1210.33,2023-07-26,EMart,SURAT
GoPro,10,850.44,2023-05-10,Chroma,CHENNAI
Dell Laptop,6,1500.76,2023-08-24,RelianceDigital,BANGLORE
Macbook Pro,9,1850.89,2023-10-08,Chroma,AHEMADABAD
Amazon Echo,7,640.72,2023-12-22,EMart,SURAT
Sony TV,13,960.18,2023-06-15,Chroma,CHENNAI
Fitbit,8,770.95,2023-09-29,EMart,BANGLORE
PlayStation,11,860.69,2023-11-13,RelianceDigital,AHEMADABAD
Xbox,9,920.84,2023-07-27,Chroma,SURAT
Samsung Galaxy,14,1210.33,2023-05-11,EMart,CHENNAI
GoPro,10,850.44,2023-08-25,RelianceDigital,BANGLORE
Dell Laptop,6,1500.76,2023-10-09,Chroma,AHEMADABAD
Macbook Pro,9,1850.89,2023-12-23,EMart,SURAT
Amazon Echo,7,640.72,2023-06-16,RelianceDigital,CHENNAI
Sony TV,13,960.18,2023-09-30,Chroma,BANGLORE
Fitbit,8,770.95,2023-11-14,EMart,AHEMADABAD
PlayStation,11,860.69,2023-07-28,RelianceDigital,SURAT
Xbox,9,920.84,2023-05-12,Chroma,CHENNAI
Samsung Galaxy,14,1210.33,2023-08-26,EMart,BANGLORE
GoPro,10,850.44,2023-10-10,RelianceDigital,AHEMADABAD
Dell Laptop,6,1500.76,2023-12-24,Chroma,SURAT
Macbook Pro,9,1850.89,2023-06-17,EMart,CHENNAI
Amazon Echo,7,640.72,2023-09-01,RelianceDigital,BANGLORE
Samsung Galaxy,13,960.18,2023-11-15,Chroma,AHEMADABAD
Fitbit,8,770.95,2023-07-29,EMart,SURAT
PlayStation,11,860.69,2023-05-13,RelianceDigital,CHENNAI
Xbox,9,920.84,2023-08-27,Chroma,BANGLORE
Samsung Galaxy,14,1210.33,2023-10-11,EMart,AHEMADABAD
Dell Laptop,10,850.44,2023-12-25,RelianceDigital,SURAT
Samsung Galaxy,8,690.24,2023-08-28,Chroma,BANGLORE
Amazon Echo,9,750.62,2023-06-21,RelianceDigital,AHEMADABAD
Dell Laptop,11,1600.57,2023-10-06,EMart,SURAT
Macbook Pro,7,1700.89,2023-12-30,Chroma,CHENNAI
Fitbit,8,580.33,2023-09-15,EMart,BANGLORE
PlayStation,12,880.75,2023-11-29,Chroma,AHEMADABAD
Xbox,14,810.49,2023-07-05,RelianceDigital,SURAT
Sony TV,10,930.64,2023-05-22,EMart,CHENNAI
GoPro,9,870.37,2023-08-05,RelianceDigital,BANGLORE
Fitbit,11,640.29,2023-10-19,Chroma,AHEMADABAD
Samsung Galaxy,7,910.82,2023-12-03,EMart,SURAT
Dell Laptop,12,1400.68,2023-06-26,RelianceDigital,CHENNAI
Amazon Echo,10,710.55,2023-09-09,Chroma,BANGLORE
Sony TV,8,880.76,2023-11-23,EMart,AHEMADABAD
PlayStation,14,810.88,2023-07-09,RelianceDigital,SURAT
Xbox,7,940.32,2023-05-15,Chroma,CHENNAI
Macbook Pro,12,1600.95,2023-08-29,EMart,BANGLORE
Fitbit,6,500.45,2023-10-23,RelianceDigital,AHEMADABAD
Samsung Galaxy,9,1050.78,2023-12-07,Chroma,SURAT
GoPro,11,810.92,2023-06-01,EMart,CHENNAI
Dell Laptop,8,1300.66,2023-09-17,RelianceDigital,BANGLORE
Amazon Echo,13,890.72,2023-11-30,Chroma,AHEMADABAD
Sony TV,10,990.68,2023-07-25,EMart,SURAT
PlayStation,12,910.49,2023-05-20,RelianceDigital,CHENNAI
Xbox,7,920.34,2023-08-07,Chroma,BANGLORE
Samsung Galaxy,8,1100.88,2023-10-25,EMart,AHEMADABAD
Dell Laptop,14,1700.77,2023-12-10,RelianceDigital,SURAT
Macbook Pro,6,1600.25,2023-06-28,Chroma,CHENNAI
Fitbit,12,830.49,2023-09-21,EMart,BANGLORE
PlayStation,7,790.68,2023-12-04,RelianceDigital,AHEMADABAD
Xbox,9,850.72,2023-07-10,Chroma,SURAT
Sony TV,10,980.32,2023-05-25,EMart,CHENNAI
GoPro,8,760.45,2023-08-13,RelianceDigital,BANGLORE
Fitbit,11,710.89,2023-10-27,Chroma,AHEMADABAD
Samsung Galaxy,7,960.55,2023-12-13,EMart,SURAT
Dell Laptop,12,1300.68,2023-07-01,RelianceDigital,CHENNAI
Amazon Echo,10,770.78,2023-09-13,Chroma,BANGLORE
Sony TV,8,910.32,2023-11-27,EMart,AHEMADABAD
PlayStation,14,820.49,2023-07-07,RelianceDigital,SURAT
Xbox,7,930.34,2023-05-17,Chroma,CHENNAI
Macbook Pro,12,1700.88,2023-08-30,EMart,BANGLORE
Fitbit,6,490.77,2023-10-21,RelianceDigital,AHEMADABAD
Samsung Galaxy,9,1100.25,2023-12-05,Chroma,SURAT
GoPro,11,810.46,2023-06-03,EMart,CHENNAI
Dell Laptop,8,1350.68,2023-09-19,RelianceDigital,BANGLORE
Amazon Echo,13,920.78,2023-12-02,Chroma,AHEMADABAD
Sony TV,10,1000.92,2023-07-27,EMart,SURAT
PlayStation,12,930.49,2023-05-21,RelianceDigital,CHENNAI
Xbox,7,940.34,2023-08-09,Chroma,BANGLORE
Samsung Galaxy,8,1120.88,2023-10-29,EMart,AHEMADABAD
Dell Laptop,14,1750.77,2023-12-12,RelianceDigital,SURAT
Macbook Pro,6,1650.25,2023-06-29,Chroma,CHENNAI
Fitbit,12,840.49,2023-09-23,EMart,BANGLORE
PlayStation,7,800.68,2023-12-06,RelianceDigital,AHEMADABAD
Xbox,9,860.72,2023-07-11,Chroma,SURAT